{
    "i18n": {
        "restart": "Redémarrer",
        "play": "Jouer",
        "pause": "Pause",
        "played": "Joué",
        "volume": "Volume",
        "mute": "Muet (F9)",
        "unmute": "Rétablir le son (F9)",
        "enterFullscreen": "Entrer en plein écran",
        "exitFullscreen": "Quitter le plein écran",
        "settings": "Paramètres",
        "saveState": "Enregistrer l'état (Maj + F2)",
        "loadState": "État de charge (Maj + F4)",
        "cacheManager": "Cache Manager",
        "screenRecord": "Démarrer l'enregistrement d'écran",
        "netplay": "Netplay",
        "gamepad": "Paramètres de contrôle",
        "cheat": "Tricheurs",
        "menuBack": "Revenir au menu précédent",
        "normal": "Normale",
        "all": "Tous",
        "reset": "Réinitialiser",
        "disabled": "Désactivé",
        "enabled": "Activé",
        "playNow": "Jouer maintenant"
    },
    "normalOptions": {
        "shader": {
            "label": " Ombrage",
            "options": {
                "disabled": "Désactivé",
                "2xScaleHQ.glslp": "2xScaleHQ",
                "4xScaleHQ.glslp": "4xScaleHQ",
                "crt-easymode.glslp": "CRT mode facile",
                "crt-aperture.glslp": "Ouverture CRT",
                "crt-geom.glslp": "CRT geom",
                "crt-mattias.glslp": "CRT mattias"
            },
            "default": "disabled"
        },
        "virtual-gamepad": {
            "label": " Manette de jeu virtuelle",
            "options": {
                "disabled": "Désactivé",
                "enabled": "Activé"
            },
            "default": "enabled"
        }
    },
    "Control Settings": "Paramètres de contrôle",
    "Player 1": "Joueur 1",
    "Player 2": "Joueur 2",
    "Player 3": "Joueur 3",
    "Player 4": "Joueur 4",
    "Update": "Mettre à jour",
    "Reset": "Réinitialiser",
    "Clear": "Effacer",
    "Cancel": "Annuler",
    "Close": "Fermer",
    "Empty": "Vide",
    "Loading": "Chargement",
    "Submit": "Soumettre",
    "Description": "Description",
    "Code": "Code",
    "Add Cheat Code": "Ajouter un code de triche",
    "OK": "D'accord",
    "Add Cheat": "Ajouter une triche",
    "Cache Manager": "Gestionnaire de cache",
    "Press keyboard or gamepad": "Appuyez sur le clavier ou la manette de jeu",
    "Gamepad": "Manette de jeu",
    "Keyboard": "Clavier",
    "Set": "Définir",
    "QUICK SAVE STATE": "ÉTAT DE SAUVEGARDE RAPIDE",
    "QUICK LOAD STATE": "ÉTAT DE CHARGEMENT RAPIDE",
    "CHANGE STATE SLOT": "CHANGER L'EMPLACEMENT D'ETAT",
    "INSERT COIN": "INSÉRER UNE PIÈCE",
    "Press escape (esc) to clear": "Appuyez sur Échap (esc) pour effacer",
    "Netplay": "Netplay",
    "Rooms": "Chambres",
    "Players": "Joueurs",
    "Player": "Joueur",
    "Room Name": "Nom de la pièce",
    "Password": "Mot de passe",
    "Name": "Nom",
    "Quit Room": "Quitter le salon",
    "Create a Room": "Créer une pièce",
    "Set Player Name": "Définir le nom du joueur",
    "Player Name": "Nom du joueur",
    "Password (optional)": "Mot de passe (facultatif)",
    "Select": "Sélectionner",
    "Start": "Démarrer",
    "Menu": "Menu",
    "Decompress Game Core": "Décompresser le noyau du jeu",
    "Decompress Game Data": "Décompresser les données du jeu",
    "Decompress Game Patch": "Décompresser le patch du jeu",
    "Download Game Data": "Télécharger les données du jeu",
    "Download Game Core": "Télécharger le noyau du jeu",
    "Network Error": "Erreur réseau",
    "Default": "Par défaut",
    "default": "par défaut",
    "Save State Location": "Enregistrer l'emplacement de l'état",
    "Save State Slot": "Enregistrer l'emplacement de l'état",
    "Color Palette": " Palette de couleurs",
    "No Sprite Limit": "Pas de limite de sprites",
    "Enabled": "Activé",
    "Disabled": "Désactivé",
    "enabled": "activé",
    "disabled": "désactivé",
    "Low": "Bas",
    "High": "Élevé",
    "Very High": "Très élevé",
    "4 Players Support": " Prise en charge de 4 joueurs",
    "Turbo Enable": "Activation turbo",
    "None": "Aucun",
    "Both": "Les deux",
    "Region": "Région",
    "SuperFX Overclock": "SuperFX Overclock",
    "Sound Quality": "Qualité sonore",
    "GB Colorization": "GB Colorisation",
    "auto": "auto",
    "internal": "interne",
    "Internal Palette": "Palette interne",
    "GBC - Blue": "GBC Bleu",
    "GBC - Brown": "GBC Marron",
    "GBC - Dark Blue": "GBC Bleu Foncé",
    "GBC - Dark Brown": "GBC Marron Foncé",
    "GBC - Dark Green": "GBC vert foncé",
    "GBC - Grayscale": " Niveaux de gris GBC",
    "GBC - Green": "GBC Vert",
    "GBC - Inverted": "GBC Inversé",
    "GBC - Orange": "GBC Orange",
    "GBC - Red": "GBC Rouge",
    "GBC - Pastel Mix": "mélange de pastels GBC",
    "GBC - Yellow": "GBC Jaune",
    "Frameskip": "Frameskip",
    "Solar sensor level": "Niveau du capteur solaire",
    "Enable Turbo Buttons": "Activer les boutons turbo",
    "Turbo Delay in frames": "Turbo Delay dans les images",
    "Auto": "Auto",
    "Aspect Ratio (Need to refresh page)": "Aspect Ratio (Besoin d'actualiser la page)",
    "16:9 Resolution": "Résolution 16:9",
    "4:3 Resolution": " Résolution 4:3",
    "Player 1 Pak": "Pack joueur 1",
    "Player 2 Pak": "Pack joueur 2",
    "Player 3 Pak": "Pack de 3 joueurs",
    "Player 4 Pak": "Pack de 4 joueurs",
    "none": "aucun",
    "memory": "mémoire",
    "rumble": "grondement",
    "Screen layout": "Disposition de l'écran",
    "right/left": "droite/gauche",
    "left/right": "gauche/droite",
    "bottom/top": "bas/haut",
    "top/bottom": "haut/bas",
    "top only": "haut seulement",
    "bottom only": "en bas uniquement",
    "quick switch": "commutateur rapide",
    "hybrid/bottom": "hybride/fond",
    "hybrid/top": "hybride/haut",
    "Screen Rotation": " Rotation de l'écran",
    "CPU speed": "Vitesse du processeur",
    "Sound output": "Sortie sonore",
    "mono": "mono",
    "stereo": "stéréo",
    "OFF": "OFF",
    "ON": "ON",
    "Fast Blitter": "Blitter rapide",
    "Bios": "Bios",
    "Enable second memory card": "Activer la deuxième carte mémoire",
    "Pad 1 Type": "Type de tampon 1",
    "Pad 2 Type": "Type de plaquette 2",
    "Pad 3 Type": "Type de tampon 3",
    "Pad 4 Type": "Type de tampon 4",
    "standard": "norme",
    "analog": "analogique",
    "negcon": "negcon",
    "Enable Vibration": "Activer les vibrations",
    "Enable interlacing mode(s)": "Activer le(s) mode(s) d'entrelacement",
    "Enhanced resolution (slow)": "Résolution améliorée (lente)",
    "Enhanced resolution speed hack": "Hack de vitesse de résolution améliorée",
    "Aspect ratio": "Rapport d'aspect",
    "CPU overclock": " Surcadençage du processeur",
    "Force Neo Geo mode": "Forcer le mode Neo Geo",
    "Diagnostic Input": "Entrée de diagnostic",
    "download": "télécharger",
    "keep in browser": "garder dans le navigateur",
    "Webassembly support is not detected in this browser": "La prise en charge de Webassembly n'est pas détectée dans ce navigateur",
    "Please upgrade your browser to the latest version": "Veuillez mettre à niveau votre navigateur vers la dernière version",
    "Missing mame config": "Configuration Mame manquante",
    "Stop Screen Recording": "Arrêter l'enregistrement d'écran",
    "Start Screen Recording": "Démarrer l'enregistrement d'écran",
    "Take Screenshot": "Prendre une capture d'écran",
    "Quick Save": "Enregistrement rapide",
    "Quick Load": "Chargement rapide"
}