{
    "i18n": {
        "restart": "اعادة البدء",
        "play": " تشغيل",
        "pause": " وقفة",
        "played": " تم اللعب",
        "volume": " الحجم",
        "mute": " كتم الصوت (F9)",
        "unmute": " إلغاء كتم الصوت (F9)",
        "enterFullscreen": " أدخل ملء الشاشة",
        "exitFullscreen": " الخروج من وضع ملء الشاشة",
        "settings": " الإعدادات",
        "saveState": " حفظ الحالة (إزاحة + F2)",
        "loadState": " حالة التحميل (Shift + F4)",
        "cacheManager": "Cache Manager",
        "screenRecord": " بدء تسجيل الشاشة",
        "netplay": " نيت بلاي",
        "gamepad": " إعدادات التحكم",
        "cheat": " غش",
        "menuBack": " ارجع إلى القائمة السابقة",
        "normal": " عادي",
        "all": " الكل",
        "reset": " إعادة تعيين",
        "disabled": " معطل",
        "enabled": " ممكّن",
        "playNow": " العب الآن"
    },
    "normalOptions": {
        "shader": {
            "label": " شادر",
            "options": {
                "disabled": " معطل",
                "2xScaleHQ.glslp": " 2x مقياس",
                "4xScaleHQ.glslp": " 4xScaleHQ",
                "crt-easymode.glslp": " وضع CRT السهل",
                "crt-aperture.glslp": " فتحة CRT",
                "crt-geom.glslp": " CRT geom",
                "crt-mattias.glslp": "CRT mattias"
            },
            "default": "disabled"
        },
        "virtual-gamepad": {
            "label": " لوحة الألعاب الافتراضية",
            "options": {
                "disabled": " معطل",
                "enabled": " ممكّن"
            },
            "default": "enabled"
        }
    },
    "Control Settings": " إعدادات التحكم",
    "Player 1": " اللاعب 1",
    "Player 2": " اللاعب 2",
    "Player 3": " اللاعب 3",
    "Player 4": " اللاعب 4",
    "Update": " تحديث",
    "Reset": " إعادة تعيين",
    "Clear": " مسح",
    "Cancel": " إلغاء",
    "Close": " إغلاق",
    "Empty": " فارغ",
    "Loading": " تحميل",
    "Submit": " إرسال",
    "Description": " الوصف",
    "Code": " كود",
    "Add Cheat Code": " أضف كود الغش",
    "OK": " حسنًا",
    "Add Cheat": " أضف الغش",
    "Cache Manager": " مدير ذاكرة التخزين المؤقت",
    "Press keyboard or gamepad": " اضغط على لوحة المفاتيح أو لوحة الألعاب",
    "Gamepad": " Gamepad",
    "Keyboard": " لوحة المفاتيح",
    "Set": " مجموعة",
    "QUICK SAVE STATE": " حالة الحفظ السريع",
    "QUICK LOAD STATE": " حالة التحميل السريع",
    "CHANGE STATE SLOT": " تغيير فتحة الدولة",
    "INSERT COIN": " أدخل عملة",
    "Press escape (esc) to clear": " اضغط على مفتاح الهروب (esc) للمسح",
    "Netplay": " نيت بلاي",
    "Rooms": " الغرف",
    "Players": " اللاعبين",
    "Player": " لاعب",
    "Room Name": " اسم الغرفة",
    "Password": " كلمة المرور",
    "Name": " الاسم",
    "Quit Room": " قم بإنهاء الغرفة",
    "Create a Room": " إنشاء غرفة",
    "Set Player Name": " تعيين اسم اللاعب",
    "Player Name": " اسم اللاعب",
    "Password (optional)": " كلمة المرور (اختياري)",
    "Select": " حدد",
    "Start": " ابدأ",
    "Menu": " القائمة",
    "Decompress Game Core": " فك ضغط جوهر اللعبة",
    "Decompress Game Data": " فك ضغط بيانات اللعبة",
    "Decompress Game Patch": " فك ضغط لعبة التصحيح",
    "Download Game Data": " تنزيل بيانات اللعبة",
    "Download Game Core": " تحميل Game Core",
    "Network Error": " خطأ في الشبكة",
    "Default": " افتراضي",
    "default": " الافتراضي",
    "Save State Location": " حفظ موقع الدولة",
    "Save State Slot": " حفظ فتحة الدولة",
    "Color Palette": " لوحة الألوان",
    "No Sprite Limit": " لا يوجد حد سبرايت",
    "Enabled": " ممكّن",
    "Disabled": " معطل",
    "enabled": " ممكّن",
    "disabled": " معطل",
    "Low": " منخفض",
    "High": " مرتفع",
    "Very High": " مرتفع جدا",
    "4 Players Support": " دعم 4 لاعبين",
    "Turbo Enable": " تمكين توربو",
    "None": " لا شيء",
    "Both": " كلاهما",
    "Region": " المنطقة",
    "SuperFX Overclock": " SuperFX فيركلوك",
    "Sound Quality": " جودة الصوت",
    "GB Colorization": " تلوين GB",
    "auto": " تلقائي",
    "internal": " داخلي",
    "Internal Palette": " لوحة داخلية",
    "GBC - Blue": " GBC Blue",
    "GBC - Brown": " جي بي سي براون",
    "GBC - Dark Blue": " GBC أزرق داكن",
    "GBC - Dark Brown": " GBC بني غامق",
    "GBC - Dark Green": " GBC أخضر غامق",
    "GBC - Grayscale": " GBC Grayscale",
    "GBC - Green": " GBC Green",
    "GBC - Inverted": " GBC مقلوب",
    "GBC - Orange": " GBC Orange",
    "GBC - Red": " جي بي سي أحمر",
    "GBC - Pastel Mix": " جي بي سي باستيل ميكس",
    "GBC - Yellow": " GBC Yellow",
    "Frameskip": " Frameskip",
    "Solar sensor level": " مستوى استشعار الطاقة الشمسية",
    "Enable Turbo Buttons": " تمكين أزرار Turbo",
    "Turbo Delay in frames": " تربو تأخير في الإطارات",
    "Auto": " تلقائي",
    "Aspect Ratio (Need to refresh page)": " نسبة العرض إلى الارتفاع (يلزم تحديث الصفحة)",
    "16:9 Resolution": " دقة 16: 9",
    "4:3 Resolution": " دقة 4: 3",
    "Player 1 Pak": " اللاعب 1 باك",
    "Player 2 Pak": " اللاعب 2 باك",
    "Player 3 Pak": " اللاعب 3 باك",
    "Player 4 Pak": " اللاعب 4 باك",
    "none": " لا شيء",
    "memory": " الذاكرة",
    "rumble": " قعقعة",
    "Screen layout": " تخطيط الشاشة",
    "right/left": " يمين / يسار",
    "left/right": " يسار / يمين",
    "bottom/top": " أسفل / أعلى",
    "top/bottom": " أعلى / أسفل",
    "top only": " الجزء العلوي فقط",
    "bottom only": " أسفل فقط",
    "quick switch": " التبديل السريع",
    "hybrid/bottom": " هجين / سفلي",
    "hybrid/top": " هجين / علوي",
    "Screen Rotation": " دوران الشاشة",
    "CPU speed": " سرعة وحدة المعالجة المركزية",
    "Sound output": " إخراج الصوت",
    "mono": " أحادي",
    "stereo": " ستيريو",
    "OFF": " إيقاف",
    "ON": " تشغيل",
    "Fast Blitter": " ضباب سريع",
    "Bios": " السير",
    "Enable second memory card": " تفعيل بطاقة الذاكرة الثانية",
    "Pad 1 Type": " نوع الوسادة 1",
    "Pad 2 Type": " نوع الوسادة 2",
    "Pad 3 Type": " نوع الوسادة 3",
    "Pad 4 Type": " نوع الوسادة 4",
    "standard": " قياسي",
    "analog": " التناظرية",
    "negcon": " نيجكون",
    "Enable Vibration": " تمكين الاهتزاز",
    "Enable interlacing mode(s)": " تمكين وضع (أوضاع) التداخل",
    "Enhanced resolution (slow)": " دقة محسنة (بطيئة)",
    "Enhanced resolution speed hack": " تحسين دقة سرعة الاختراق",
    "Aspect ratio": " نسبة العرض إلى الارتفاع",
    "CPU overclock": " وحدة المعالجة المركزية فيركلوك",
    "Force Neo Geo mode": " فرض الوضع الجغرافي الجديد",
    "Diagnostic Input": " مدخلات التشخيص",
    "download": " تنزيل",
    "keep in browser": " ابق في المتصفح",
    "Webassembly support is not detected in this browser": " لم يتم الكشف عن دعم Webassembly في هذا المستعرض",
    "Please upgrade your browser to the latest version": " الرجاء ترقية متصفحك إلى أحدث إصدار",
    "Missing mame config": " مفقود mame config",
    "Stop Screen Recording": " إيقاف تسجيل الشاشة",
    "Start Screen Recording": " بدء تسجيل الشاشة",
    "Take Screenshot": " خذ لقطة شاشة",
    "Quick Save": " حفظ سريع",
    "Quick Load": " تحميل سريع"
}