{
    "i18n": {
        "restart": "Neu starten",
        "play": "Spielen",
        "pause": "Pause",
        "played": "Gespielt",
        "volume": "Lautstärke",
        "mute": "Stumm (F9)",
        "unmute": "Stumm aufheben (F9)",
        "enterFullscreen": "Vollbild aufrufen",
        "exitFullscreen": "Vollbild verlassen",
        "settings": "Einstellungen",
        "saveState": "Zustand speichern (Umschalt + F2)",
        "loadState": "Zustand laden (Umschalt + F4)",
        "cacheManager": "Cache Manager",
        "screenRecord": "Bildschirmaufnahme starten",
        "netplay": "Netzspiel",
        "gamepad": "Steuerungseinstellungen",
        "cheat": "Betrug",
        "menuBack": "Zurück zum vorherigen Menü",
        "normal": "Normal",
        "all": "Alle",
        "reset": "Zurücksetzen",
        "disabled": "Deaktiviert",
        "enabled": "Aktiviert",
        "playNow": "Jetzt spielen"
    },
    "normalOptions": {
        "shader": {
            "label": "Shader",
            "options": {
                "disabled": "Deaktiviert",
                "2xScaleHQ.glslp": "2xScaleHQ",
                "4xScaleHQ.glslp": "4xScaleHQ",
                "crt-easymode.glslp": "CRT Easymode",
                "crt-aperture.glslp": "CRT-Öffnung",
                "crt-geom.glslp": "Kathodengeom",
                "crt-mattias.glslp": "CRT mattias"
            },
            "default": "disabled"
        },
        "virtual-gamepad": {
            "label": "Virtuelles Gamepad",
            "options": {
                "disabled": "Deaktiviert",
                "enabled": "Aktiviert"
            },
            "default": "enabled"
        }
    },
    "Control Settings": "Steuerungseinstellungen",
    "Player 1": "Spieler 1",
    "Player 2": "Spieler 2",
    "Player 3": "Spieler 3",
    "Player 4": "Spieler 4",
    "Update": "Aktualisieren",
    "Reset": "Zurücksetzen",
    "Clear": "Löschen",
    "Cancel": "Abbrechen",
    "Close": "Schließen",
    "Empty": "Leer",
    "Loading": "Wird geladen",
    "Submit": "Senden",
    "Description": "Beschreibung",
    "Code": "Code",
    "Add Cheat Code": "Cheat-Code hinzufügen",
    "OK": "Okay",
    "Add Cheat": "Cheat hinzufügen",
    "Cache Manager": "Cache-Manager",
    "Press keyboard or gamepad": "Taste oder Gamepad drücken",
    "Gamepad": "Gamepad",
    "Keyboard": "Tastatur",
    "Set": "Setzen",
    "QUICK SAVE STATE": "SCHNELLSPEICHERSTATUS",
    "QUICK LOAD STATE": "SCHNELLER LADEZUSTAND",
    "CHANGE STATE SLOT": "STATUS SLOT ÄNDERN",
    "INSERT COIN": "MÜNZE EINWERFEN",
    "Press escape (esc) to clear": "Drücken Sie zum Löschen die Escape-Taste (esc).",
    "Netplay": "Netzspiel",
    "Rooms": "Zimmer",
    "Players": "Spieler",
    "Player": "Spieler",
    "Room Name": "Raumname",
    "Password": "Passwort",
    "Name": "Name",
    "Quit Room": "Raum verlassen",
    "Create a Room": "Erstelle einen Raum",
    "Set Player Name": "Spielernamen festlegen",
    "Player Name": "Spielername",
    "Password (optional)": "Passwort (optional)",
    "Select": "Auswählen",
    "Start": "Starten",
    "Menu": "Menü",
    "Decompress Game Core": "Spielkern dekomprimieren",
    "Decompress Game Data": "Spieldaten dekomprimieren",
    "Decompress Game Patch": "Spiel-Patch dekomprimieren",
    "Download Game Data": "Spieldaten herunterladen",
    "Download Game Core": "Spielkern herunterladen",
    "Network Error": "Netzwerkfehler",
    "Default": "Standard",
    "default": "Standard",
    "Save State Location": "Zustandsstandort speichern",
    "Save State Slot": "Zustandsplatz speichern",
    "Color Palette": "Farbpalette",
    "No Sprite Limit": "Kein Sprite-Limit",
    "Enabled": "Aktiviert",
    "Disabled": "Deaktiviert",
    "enabled": "aktiviert",
    "disabled": "deaktiviert",
    "Low": "Niedrig",
    "High": "Hoch",
    "Very High": "Sehr hoch",
    "4 Players Support": "Unterstützung für 4 Spieler",
    "Turbo Enable": "Turbo aktivieren",
    "None": "Keine",
    "Both": "Beide",
    "Region": "Region",
    "SuperFX Overclock": "SuperFX-Übertaktung",
    "Sound Quality": "Tonqualität",
    "GB Colorization": "GB Kolorierung",
    "auto": "automat",
    "internal": "intern",
    "Internal Palette": "Interne Palette",
    "GBC - Blue": "GBC-Blau",
    "GBC - Brown": "GBC Braun",
    "GBC - Dark Blue": "GBC Dunkelblau",
    "GBC - Dark Brown": "GBC Dunkelbraun",
    "GBC - Dark Green": "GBC Dunkelgrün",
    "GBC - Grayscale": "GBC Graustufen",
    "GBC - Green": "GBC-Grün",
    "GBC - Inverted": "GBC invertiert",
    "GBC - Orange": "GBC-Orange",
    "GBC - Red": "GBC-Rot",
    "GBC - Pastel Mix": "GBC Pastellmischung",
    "GBC - Yellow": "GBC-Gelb",
    "Frameskip": "Frameskip",
    "Solar sensor level": " Niveau Solarsensor",
    "Enable Turbo Buttons": "Turbo-Schaltflächen aktivieren",
    "Turbo Delay in frames": "Turbo Delay in Frames",
    "Auto": "Autom",
    "Aspect Ratio (Need to refresh page)": "Seitenverhältnis (Seite muss aktualisiert werden)",
    "16:9 Resolution": "16:9-Auflösung",
    "4:3 Resolution": "4:3-Auflösung",
    "Player 1 Pak": "Spieler 1 Pak",
    "Player 2 Pak": "Spieler 2 Pak",
    "Player 3 Pak": "Spieler 3 Pak",
    "Player 4 Pak": "Spieler 4 Pak",
    "none": "keine",
    "memory": "Erinnerung",
    "rumble": "Grollen",
    "Screen layout": "Bildschirmlayout",
    "right/left": "rechts/links",
    "left/right": "links/rechts",
    "bottom/top": "unten/oben",
    "top/bottom": "oben/unten",
    "top only": "nur oben",
    "bottom only": "nur unten",
    "quick switch": "schneller Wechsel",
    "hybrid/bottom": "hybrid/unten",
    "hybrid/top": "hybrid/top",
    "Screen Rotation": "Bildschirmrotation",
    "CPU speed": "CPU-Geschwindigkeit",
    "Sound output": "Tonausgabe",
    "mono": "Mono",
    "stereo": "Stereo",
    "OFF": "AUS",
    "ON": "EIN",
    "Fast Blitter": "Schneller Blitter",
    "Bios": "Bios",
    "Enable second memory card": "Zweite Speicherkarte aktivieren",
    "Pad 1 Type": "Pad 1 Typ",
    "Pad 2 Type": "Pad 2-Typ",
    "Pad 3 Type": "Pad-3-Typ",
    "Pad 4 Type": "Pad-4-Typ",
    "standard": "Standard",
    "analog": "analog",
    "negcon": "negkon",
    "Enable Vibration": "Vibration aktivieren",
    "Enable interlacing mode(s)": "Interlacing-Modus(s) aktivieren",
    "Enhanced resolution (slow)": "Erhöhte Auflösung (langsam)",
    "Enhanced resolution speed hack": "Verbesserter Auflösungsgeschwindigkeits-Hack",
    "Aspect ratio": "Seitenverhältnis",
    "CPU overclock": "CPU-Übertaktung",
    "Force Neo Geo mode": "Neo-Geo-Modus erzwingen",
    "Diagnostic Input": "Diagnoseeingang",
    "download": "herunterladen",
    "keep in browser": "im Browser bleiben",
    "Webassembly support is not detected in this browser": "Webassembly-Unterstützung wird in diesem Browser nicht erkannt",
    "Please upgrade your browser to the latest version": "Bitte aktualisieren Sie Ihren Browser auf die neueste Version",
    "Missing mame config": "Fehlende Mame-Konfiguration",
    "Stop Screen Recording": "Beenden Sie die Bildschirmaufzeichnung",
    "Start Screen Recording": "Bildschirmaufnahme starten",
    "Take Screenshot": "Screenshot machen",
    "Quick Save": "Schnellspeichern",
    "Quick Load": "Schnelles Laden"
}