{
    "i18n": {
        "restart": "Restart",
        "play": "Jugar",
        "pause": "Pausa",
        "played": "Jugó",
        "volume": "Volumen",
        "mute": "Silencio (F9)",
        "unmute": "Activar (F9)",
        "enterFullscreen": "Pantalla completa",
        "exitFullscreen": "Salir de pantalla completa",
        "settings": "Ajustes",
        "saveState": "Guardar Estado (Shift + F2)",
        "loadState": "Cargar Estado (Shift + F4)",
        "cacheManager": "Cache Manager",
        "screenRecord": "Comenzar gravacion de pantalla",
        "netplay": "Netplay",
        "gamepad": "Ajustes de control",
        "cheat": "Trampas",
        "menuBack": "Volver al menú anterior",
        "normal": "Normal",
        "all": "Todo",
        "reset": "Reset",
        "disabled": "Desactivar",
        "enabled": "Activar",
        "playNow": "Jugar ahora"
    },
    "normalOptions": {
        "shader": {
            "label": "Sombreador",
            "options": {
                "disabled": "Discapacitado",
                "2xScaleHQ.glslp": "2xScaleHQ",
                "4xScaleHQ.glslp": "4xScaleHQ",
                "crt-easymode.glslp": "CRT easymode",
                "crt-aperture.glslp": "CRT aperture",
                "crt-geom.glslp": "CRT geom",
                "crt-mattias.glslp": "CRT mattias"
            },
            "default": "disabled"
        },
        "virtual-gamepad": {
            "label": "Controles Virtuales",
            "options": {
                "disabled": "Discapacitado",
                "enabled": "Activado"
            },
            "default": "enabled"
        }
    },
    "Control Settings": "Ajustes de control",
    "Player 1": "Jugador 1",
    "Player 2": "Jugador 2",
    "Player 3": "Jugador 3",
    "Player 4": "Jugador 4",
    "Update": "Actualizar",
    "Reset": "Reiniciar",
    "Clear": "Limpiar",
    "Cancel": "Cancelar",
    "Close": "Cerca",
    "Empty": "Vacío",
    "Loading": "Cargando",
    "Submit": "Mandar",
    "Description": "Descripción",
    "Code": "Código",
    "Add Cheat Code": "Agregar código de Trampa",
    "OK": "OK",
    "Add Cheat": "Agregar Trampa",
    "Cache Manager": "Administrador de Cache",
    "Press keyboard or gamepad": "Presione el teclado o el controlador",
    "Gamepad": "Control",
    "Keyboard": "Teclado",
    "Set": "Definir",
    "QUICK SAVE STATE": "GUARDAR ESTADO RÁPIDO",
    "QUICK LOAD STATE": "CARGA ESTADO RÁPIDO",
    "CHANGE STATE SLOT": "CAMBIAR SLOT DEL ESTADO",
    "INSERT COIN": "INSERTE MONEDA",
    "Press escape (esc) to clear": "Pressione (esc) para limpiar",
    "Netplay": "Netplay",
    "Rooms": "Salas",
    "Players": "Jugadores",
    "Player": "Jugador",
    "Room Name": "Nombre de la Sala",
    "Password": "Contraseña",
    "Name": "Nombre",
    "Quit Room": "Dejar Sala",
    "Create a Room": "Crear una Sala",
    "Set Player Name": "Configurar el nombre del jugador",
    "Player Name": "Nombre del Jugador",
    "Password (optional)": "Contraseña (opcional)",
    "Select": "Select",
    "Start": "Start",
    "Menu": "Menu",
    "Decompress Game Core": "Decompress Game Core",
    "Decompress Game Data": "Decompress Game Data",
    "Decompress Game Patch": "Decompress Game Patch",
    "Download Game Data": "Download Game Data",
    "Download Game Core": "Download Game Core",
    "Network Error": "Network Error",
    "Default": "Estándar",
    "default": "estándar",
    "Save State Location": "Guardar Estado Lugar",
    "Save State Slot": "Cargar Slot del Lugar",
    "Color Palette": "Paleta de Colores",
    "No Sprite Limit": "Sin límite de Sprite",
    "Enabled": "Activado",
    "Disabled": "Discapacitado",
    "enabled": "activado",
    "disabled": "discapacitado",
    "Low": "Bajo",
    "High": "Alto",
    "Very High": "Muy Alto",
    "4 Players Support": "Soporte para 4 jugadores",
    "Turbo Enable": "Activar Turbo",
    "None": "Ninguna",
    "Both": "Ambos",
    "Region": "Región",
    "SuperFX Overclock": "SuperFX Overclock",
    "Sound Quality": "Calidad de Sonido",
    "GB Colorization": "GB Coloración",
    "auto": "auto",
    "internal": "interno",
    "Internal Palette": "Paleta Interna",
    "GBC - Blue": "GBC - Azul",
    "GBC - Brown": "GBC - Marrón",
    "GBC - Dark Blue": "GBC - Azul Oscuro",
    "GBC - Dark Brown": "GBC - Marrón Oscuro",
    "GBC - Dark Green": "GBC - Verde Oscuro",
    "GBC - Grayscale": "GBC - Gris",
    "GBC - Green": "GBC - Verde",
    "GBC - Inverted": "GBC - Invertido",
    "GBC - Orange": "GBC - Naranja",
    "GBC - Red": "GBC - Rojo",
    "GBC - Pastel Mix": "GBC - Pastel Mix",
    "GBC - Yellow": "GBC - Amarillo",
    "Frameskip": "Frameskip",
    "Solar sensor level": "Solar sensor level",
    "Enable Turbo Buttons": "Permitir Botones Turbo",
    "Turbo Delay in frames": "Turbo Delay en frames",
    "Auto": "Auto",
    "Aspect Ratio (Need to refresh page)": "Aspect Ratio (Necesita actualizar la página)",
    "16:9 Resolution": "16:9 Resolución",
    "4:3 Resolution": "4:3 Resolución",
    "Player 1 Pak": "Jugador 1 Pak",
    "Player 2 Pak": "Jugador 2 Pak",
    "Player 3 Pak": "Jugador 3 Pak",
    "Player 4 Pak": "Jugador 4 Pak",
    "none": "ninguna",
    "memory": "memoria",
    "rumble": "rumble",
    "Screen layout": "Diseño de Pantalla",
    "right/left": "directo/izquierda",
    "left/right": "izquierda/directo",
    "bottom/top": "fondo/principal",
    "top/bottom": "principal/fondo",
    "top only": "principal algo",
    "bottom only": "fondo algo",
    "quick switch": "troca rapida",
    "hybrid/bottom": "híbrido/fondo",
    "hybrid/top": "híbrido/principal",
    "Screen Rotation": "Rotación de tela",
    "CPU speed": "Velocidad de CPU",
    "Sound output": "Salida de Sonido",
    "mono": "mono",
    "stereo": "stereo",
    "OFF": "Apagado",
    "ON": "Encendido",
    "Fast Blitter": "Fast Blitter",
    "Bios": "Bios",
    "Enable second memory card": "Habilitar segunda tarjeta de memoria",
    "Pad 1 Type": "Pad Escribe 1",
    "Pad 2 Type": "Pad Escribe 2",
    "Pad 3 Type": "Pad Escribe 3",
    "Pad 4 Type": "Pad Escribe 4",
    "standard": "estándar",
    "analog": "cosa análoga",
    "negcon": "negcon",
    "Enable Vibration": "Habilitar Vibración",
    "Enable interlacing mode(s)": "Activar modo entrelazado(s)",
    "Enhanced resolution (slow)": "Resolución mejorada (lento)",
    "Enhanced resolution speed hack": "Velocidad de reproducción",
    "Aspect ratio": "Aspect ratio",
    "CPU overclock": "CPU overclock",
    "Force Neo Geo mode": "Force Neo Geo mode",
    "Diagnostic Input": "Diagnostic Input",
    "download": "download",
    "keep in browser": "mantener en el navegador",
    "Webassembly support is not detected in this browser": "Suporte Webassembly no detectado en este navegador",
    "Please upgrade your browser to the latest version": "Actualice su navegador a la última versión.",
    "Missing mame config": "Falta la configuración de mame",
    "Stop Screen Recording": "Detener Grabación de Pantalla",
    "Start Screen Recording": "Começar Grabación de Pantalla",
    "Take Screenshot": "Tomar Impresión",
    "Quick Save": "Ahorrar rápido",
    "Quick Load": "Cargar rápido"
}
