{
    "i18n": {
        "restart": "再起動",
        "play": "再生",
        "pause": "一時停止",
        "played": "再生",
        "volume": "ボリューム",
        "mute": "ミュート（F9）",
        "unmute": "ミュート解除（F9）",
        "enterFullscreen": "フルスクリーンに入る",
        "exitFullscreen": "フルスクリーンで終了",
        "settings": "設定",
        "saveState": "状態の保存（Shift + F2）",
        "loadState": "ロード状態（Shift + F4）",
        "cacheManager": "Cache Manager",
        "screenRecord": "画面記録を開始します",
        "netplay": "ネットプレイ",
        "gamepad": "制御設定",
        "cheat": "チート",
        "menuBack": "前のメニューに戻る",
        "normal": "通常",
        "all": "すべて",
        "reset": "リセット",
        "disabled": "無効",
        "enabled": "有効",
        "playNow": "今すぐプレイ"
    },
    "normalOptions": {
        "shader": {
            "label": "シェーダー",
            "options": {
                "disabled": "無効",
                "2xScaleHQ.glslp": " 2xScaleHQ",
                "4xScaleHQ.glslp": " 4xScaleHQ",
                "crt-easymode.glslp": " CRTイージーモード",
                "crt-aperture.glslp": " CRTアパーチャ",
                "crt-geom.glslp": " CRTジオメトリ",
                "crt-mattias.glslp": "CRT mattias"
            },
            "default": "disabled"
        },
        "virtual-gamepad": {
            "label": "仮想ゲームパッド",
            "options": {
                "disabled": "無効",
                "enabled": "有効"
            },
            "default": "enabled"
        }
    },
    "Control Settings": "制御設定",
    "Player 1": "プレーヤー1",
    "Player 2": "プレーヤー2",
    "Player 3": "プレーヤー3",
    "Player 4": "プレーヤー4",
    "Update": "更新",
    "Reset": "リセット",
    "Clear": "クリア",
    "Cancel": "キャンセル",
    "Close": "閉じる",
    "Empty": "空",
    "Loading": "読み込み中",
    "Submit": "送信する",
    "Description": "説明",
    "Code": "コード",
    "Add Cheat Code": "チートコードを追加",
    "OK": " OK",
    "Add Cheat": "チートを追加",
    "Cache Manager": "キャッシュマネージャー",
    "Press keyboard or gamepad": "キーボードまたはゲームパッドを押す",
    "Gamepad": "ゲームパッド",
    "Keyboard": "キーボード",
    "Set": "セット",
    "QUICK SAVE STATE": "クイック保存状態",
    "QUICK LOAD STATE": "クイックロード状態",
    "CHANGE STATE SLOT": "状態スロットの変更",
    "INSERT COIN": "コインを挿入",
    "Press escape (esc) to clear": "エスケープ（esc）を押してクリアします",
    "Netplay": "ネットプレイ",
    "Rooms": "部屋",
    "Players": "プレイヤー",
    "Player": "プレーヤー",
    "Room Name": "部屋名",
    "Password": "パスワード",
    "Name": "名前",
    "Quit Room": "終了室",
    "Create a Room": "部屋を作成する",
    "Set Player Name": "プレイヤー名を設定する",
    "Player Name": "プレイヤー名",
    "Password (optional)": "パスワード（オプション）",
    "Select": "選択",
    "Start": "開始",
    "Menu": "メニュー",
    "Decompress Game Core": "ゲームコアを解凍します",
    "Decompress Game Data": "ゲームデータの解凍",
    "Decompress Game Patch": "ゲームパッチの解凍",
    "Download Game Data": "ゲームデータをダウンロードする",
    "Download Game Core": "ゲームコアをダウンロード",
    "Network Error": "ネットワークエラー",
    "Default": "デフォルト",
    "default": "デフォルト",
    "Save State Location": "州の場所を保存",
    "Save State Slot": "状態スロットを保存",
    "Color Palette": "カラーパレット",
    "No Sprite Limit": "スプライト制限なし",
    "Enabled": "有効",
    "Disabled": "無効",
    "enabled": "有効",
    "disabled": "無効",
    "Low": "低",
    "High": "高",
    "Very High": "非常に高い",
    "4 Players Support": " 4人のプレイヤーのサポート",
    "Turbo Enable": "ターボイネーブル",
    "None": "なし",
    "Both": "両方",
    "Region": "地域",
    "SuperFX Overclock": " SuperFXオーバークロック",
    "Sound Quality": "音質",
    "GB Colorization": " GBカラー化",
    "auto": "自動",
    "internal": "内部",
    "Internal Palette": "内部パレット",
    "GBC - Blue": " GBCブルー",
    "GBC - Brown": " GBCブラウン",
    "GBC - Dark Blue": " GBCダークブルー",
    "GBC - Dark Brown": " GBCダークブラウン",
    "GBC - Dark Green": " GBCダークグリーン",
    "GBC - Grayscale": " GBCグレースケール",
    "GBC - Green": " GBCグリーン",
    "GBC - Inverted": " GBC反転",
    "GBC - Orange": " GBCオレンジ",
    "GBC - Red": " GBCレッド",
    "GBC - Pastel Mix": " GBCパステルミックス",
    "GBC - Yellow": " GBCイエロー",
    "Frameskip": "フレームスキップ",
    "Solar sensor level": "ソーラーセンサーレベル",
    "Enable Turbo Buttons": "ターボボタンを有効にする",
    "Turbo Delay in frames": "フレームのターボ遅延",
    "Auto": "自動",
    "Aspect Ratio (Need to refresh page)": "アスペクト比（ページを更新する必要があります）",
    "16:9 Resolution": " 16：9解像度",
    "4:3 Resolution": " 4：3解像度",
    "Player 1 Pak": "プレーヤー1パック",
    "Player 2 Pak": "プレーヤー2パック",
    "Player 3 Pak": "プレーヤー3パック",
    "Player 4 Pak": "プレーヤー4パック",
    "none": "なし",
    "memory": "メモリ",
    "rumble": "ランブル",
    "Screen layout": "画面レイアウト",
    "right/left": "右/左",
    "left/right": "左/右",
    "bottom/top": "下/上",
    "top/bottom": "上/下",
    "top only": "トップのみ",
    "bottom only": "下のみ",
    "quick switch": "クイックスイッチ",
    "hybrid/bottom": "ハイブリッド/ボトム",
    "hybrid/top": "ハイブリッド/トップ",
    "Screen Rotation": "画面の回転",
    "CPU speed": " CPU速度",
    "Sound output": "サウンド出力",
    "mono": "モノ",
    "stereo": "ステレオ",
    "OFF": "オフ",
    "ON": "オン",
    "Fast Blitter": "高速ブリッター",
    "Bios": " BIOS",
    "Enable second memory card": " 2番目のメモリカードを有効にする",
    "Pad 1 Type": "パッド1タイプ",
    "Pad 2 Type": "パッド2タイプ",
    "Pad 3 Type": "パッド3タイプ",
    "Pad 4 Type": "パッド4タイプ",
    "standard": "標準",
    "analog": "アナログ",
    "negcon": "ネジコン",
    "Enable Vibration": "バイブレーションを有効にする",
    "Enable interlacing mode(s)": "インターレースモードを有効にする",
    "Enhanced resolution (slow)": "強化された解像度（遅い）",
    "Enhanced resolution speed hack": "強化された解決速度ハック",
    "Aspect ratio": "アスペクト比",
    "CPU overclock": " CPUオーバークロック",
    "Force Neo Geo mode": "強制ネオジオモード",
    "Diagnostic Input": "診断入力",
    "download": "ダウンロード",
    "keep in browser": "ブラウザにとどまる",
    "Webassembly support is not detected in this browser": "このブラウザではWebAssemblyのサポートが検出されません",
    "Please upgrade your browser to the latest version": "ブラウザを最新バージョンにアップグレードしてください",
    "Missing mame config": " mameconfigがありません",
    "Stop Screen Recording": "画面の記録を停止します",
    "Start Screen Recording": "画面記録を開始します",
    "Take Screenshot": "スクリーンショットを撮る",
    "Quick Save": "クイック保存",
    "Quick Load": "クイックロード"
}
